experiment_id,dataset,seed,model_summary,optimizer,lr,momentum,weight_decay,epochs_trained,best_val_accuracy,best_val_loss
E1,EMNIST,42,"hidden=(256, 128)/dropout=0.0/batchnorm=False",Adam,0.001,0.0,0.0,30,0.7583333333333333,0.8625201185544332
E2,EMNIST,42,"hidden=(256, 128)/dropout=0.3/batchnorm=False",Adam,0.001,0.0,0.0,30,0.7588888888888888,0.7876053129302131
E3,EMNIST,42,"hidden=(256, 128)/dropout=0.0/batchnorm=True",Adam,0.001,0.0,0.0,30,0.7616666666666667,0.7839314417044322
E4,EMNIST,42,"hidden=(256, 128)/dropout=0.3/batchnorm=False",Adam,0.001,0.0,0.0,25,0.7511111111111111,0.8002972274356418
O1,EMNIST,42,"hidden=(256, 128)/dropout=0.3/batchnorm=True",Adam,0.1,0.0,0.0,8,0.6494444444444445,1.1411729913287694
O2,EMNIST,42,"hidden=(256, 128)/dropout=0.3/batchnorm=True",Adam,1e-05,0.0,0.0,8,0.2916666666666667,3.256525903277927
O3,EMNIST,42,"hidden=(256, 128)/dropout=0.3/batchnorm=True",SGD,0.01,0.9,0.0001,15,0.7655555555555555,0.7266620834668477
